Datetime,Water Level (m)
2026-01-08 18:00:00,-0.030149736
2026-01-08 19:00:00,-0.030503519
2026-01-08 20:00:00,-0.031435553
2026-01-08 21:00:00,-0.032981697
2026-01-08 22:00:00,-0.035302516
2026-01-08 23:00:00,-0.038655877
2026-01-09 00:00:00,-0.042520102
2026-01-09 01:00:00,-0.045838334
2026-01-09 02:00:00,-0.048097596
2026-01-09 03:00:00,-0.04912841
2026-01-09 04:00:00,-0.048597887
2026-01-09 05:00:00,-0.04671283
2026-01-09 06:00:00,-0.044344537
2026-01-09 07:00:00,-0.042383965
2026-01-09 08:00:00,-0.041073613
2026-01-09 09:00:00,-0.040618785
2026-01-09 10:00:00,-0.041218065
2026-01-09 11:00:00,-0.042812433
2026-01-09 12:00:00,-0.04521506
2026-01-09 13:00:00,-0.047895905
2026-01-09 14:00:00,-0.05000448
2026-01-09 15:00:00,-0.0510691
2026-01-09 16:00:00,-0.051046837
2026-01-09 17:00:00,-0.049684856
2026-01-09 18:00:00,-0.047429737
2026-01-09 19:00:00,-0.045092106
2026-01-09 20:00:00,-0.043250192
2026-01-09 21:00:00,-0.04201688
2026-01-09 22:00:00,-0.04153566
2026-01-09 23:00:00,-0.041937355
2026-01-10 00:00:00,-0.043028437
2026-01-10 01:00:00,-0.04426968
2026-01-10 02:00:00,-0.044784013
2026-01-10 03:00:00,-0.04437104
2026-01-10 04:00:00,-0.042813968
2026-01-10 05:00:00,-0.0398732
2026-01-10 06:00:00,-0.036224566
2026-01-10 07:00:00,-0.0326452
2026-01-10 08:00:00,-0.029585661
2026-01-10 09:00:00,-0.027312323
2026-01-10 10:00:00,-0.025905289
2026-01-10 11:00:00,-0.025413547
2026-01-10 12:00:00,-0.02595172
2026-01-10 13:00:00,-0.027266262
2026-01-10 14:00:00,-0.028632354
2026-01-10 15:00:00,-0.02941883
2026-01-10 16:00:00,-0.029286437
2026-01-10 17:00:00,-0.028021693
2026-01-10 18:00:00,-0.025664404
2026-01-10 19:00:00,-0.02270684
2026-01-10 20:00:00,-0.019645415
2026-01-10 21:00:00,-0.017054245
2026-01-10 22:00:00,-0.015143748
2026-01-10 23:00:00,-0.013938635
2026-01-11 00:00:00,-0.0135625
2026-01-11 01:00:00,-0.013834513
2026-01-11 02:00:00,-0.013955356
2026-01-11 03:00:00,-0.013675015
2026-01-11 04:00:00,-0.01262595
2026-01-11 05:00:00,-0.010475726
2026-01-11 06:00:00,-0.0076294336
2026-01-11 07:00:00,-0.0045161606
2026-01-11 08:00:00,-0.0017178071
2026-01-11 09:00:00,0.0005298481
2026-01-11 10:00:00,0.0020530326
2026-01-11 11:00:00,0.002709043
2026-01-11 12:00:00,0.0022976107
2026-01-11 13:00:00,0.000999387
2026-01-11 14:00:00,-0.0006647628
2026-01-11 15:00:00,-0.002250816
2026-01-11 16:00:00,-0.0033081728
2026-01-11 17:00:00,-0.0035569288
2026-01-11 18:00:00,-0.0027982064
2026-01-11 19:00:00,-0.0009660746
2026-01-11 20:00:00,0.0013051726
2026-01-11 21:00:00,0.0035785714
2026-01-11 22:00:00,0.0055142655
2026-01-11 23:00:00,0.006950218
2026-01-12 00:00:00,0.0076857284
2026-01-12 01:00:00,0.007698495
2026-01-12 02:00:00,0.0074028745
2026-01-12 03:00:00,0.0069844387
2026-01-12 04:00:00,0.006923322
2026-01-12 05:00:00,0.007555381
2026-01-12 06:00:00,0.0088166995
2026-01-12 07:00:00,0.010487579
2026-01-12 08:00:00,0.012169849
2026-01-12 09:00:00,0.01353447
2026-01-12 10:00:00,0.014365395
2026-01-12 11:00:00,0.014579156
2026-01-12 12:00:00,0.013893529
2026-01-12 13:00:00,0.012282915
2026-01-12 14:00:00,0.010018292
2026-01-12 15:00:00,0.0074424325
2026-01-12 16:00:00,0.004962793
2026-01-12 17:00:00,0.0030006636
2026-01-12 18:00:00,0.0019645325
2026-01-12 19:00:00,0.0019384326
2026-01-12 20:00:00,0.0028938518
2026-01-12 21:00:00,0.0045584315
2026-01-12 22:00:00,0.00646449
2026-01-12 23:00:00,0.008074515
2026-01-13 00:00:00,0.00918755
2026-01-13 01:00:00,0.009689201
2026-01-13 02:00:00,0.009503828
2026-01-13 03:00:00,0.008614314
2026-01-13 04:00:00,0.007548635
2026-01-13 05:00:00,0.006689868
2026-01-13 06:00:00,0.0062552574
2026-01-13 07:00:00,0.006417631
2026-01-13 08:00:00,0.007055844
2026-01-13 09:00:00,0.00795826
2026-01-13 10:00:00,0.00859938
2026-01-13 11:00:00,0.008951994
2026-01-13 12:00:00,0.008670259
2026-01-13 13:00:00,0.007467229
2026-01-13 14:00:00,0.0054949005
2026-01-13 15:00:00,0.0029334933
2026-01-13 16:00:00,3.967513e-06
2026-01-13 17:00:00,-0.0027807902
2026-01-13 18:00:00,-0.004929
2026-01-13 19:00:00,-0.006196999
2026-01-13 20:00:00,-0.0063600987
2026-01-13 21:00:00,-0.005360942
2026-01-13 22:00:00,-0.0033436418
2026-01-13 23:00:00,-0.0008880588
2026-01-14 00:00:00,0.0015077462
2026-01-14 01:00:00,0.0035302353
2026-01-14 02:00:00,0.0049572634
2026-01-14 03:00:00,0.005553369
2026-01-14 04:00:00,0.0053832713
2026-01-14 05:00:00,0.0047503565
2026-01-14 06:00:00,0.0040889974
2026-01-14 07:00:00,0.0037126252
2026-01-14 08:00:00,0.003751774
2026-01-14 09:00:00,0.004351613
2026-01-14 10:00:00,0.0053127515
2026-01-14 11:00:00,0.006304914
2026-01-14 12:00:00,0.0070144697
2026-01-14 13:00:00,0.0072623002
2026-01-14 14:00:00,0.006815845
2026-01-14 15:00:00,0.0055199
2026-01-14 16:00:00,0.0035176883
2026-01-14 17:00:00,0.0010971451
2026-01-14 18:00:00,-0.0012230277
